,Rank,Movie,Studio,Gross,Theatre,Opening,Opening Theatre,Date,Franchise,Year,Imdb Year,Imdb Rating,Meta Score
0,1,300,WB,210614939,3280,70885301,3103,3/9/07,300,2007,2006,7.7,52
1,2,300: Rise of An Empire,WB,106580051,3490,45038460,3470,3/7/14,300,2014,2014,6.2,48
2,1,Alice in Wonderland (2010),BV,334191110,3739,116101023,3728,3/5/10,Alice in Wonderland,2010,2010,6.5,53
3,2,Alice Through the Looking Glass,BV,77041381,3763,26858726,3763,5/27/16,Alice in Wonderland,2016,2016,6.2,34
4,1,Alvin and the Chipmunks: The Squeakquel,Fox,219614612,3747,48875415,3700,12/23/09,Alvin and the Chipmunks,2009,2009,4.5,41
5,2,Alvin and the Chipmunks,Fox,217326974,3499,44307417,3475,12/14/07,Alvin and the Chipmunks,2007,2007,5.2,39
6,3,Alvin and the Chipmunks: Chipwrecked,Fox,133110742,3734,23244744,3723,12/16/11,Alvin and the Chipmunks,2011,2011,4.4,24
7,4,Alvin and the Chipmunks: The Road Chip,Fox,85886987,3705,14287159,3653,12/18/15,Alvin and the Chipmunks,2015,2015,5.1,33
8,5,The Chipmunk Adventure,Gold.,6804312,916,2584720,916,5/22/87,Alvin and the Chipmunks,1987,1987,7.2,0
9,1,American Pie 2,Uni.,145103595,3157,45117985,3063,8/10/01,American Pie,2001,2001,6.4,43
10,2,American Wedding,Uni.,104565114,3175,33369440,3172,8/1/03,American Pie,2003,2003,6.3,43
11,3,American Pie,Uni.,102561004,2544,18709680,2508,7/9/99,American Pie,1999,1999,7.0,58
12,4,American Reunion,Uni.,57011521,3203,21514080,3192,4/6/12,American Pie,2012,2012,6.7,49
13,1,Austin Powers in Goldmember,NL,213307889,3613,73071188,3613,7/26/02,Austin Powers,2002,2002,6.2,62
14,2,Austin Powers: The Spy Who Shagged Me,NL,206040086,3314,54917604,3312,6/11/99,Austin Powers,1999,1999,6.6,59
15,3,Austin Powers: International Man of Mystery,NL,53883989,2187,9548111,2187,5/2/97,Austin Powers,1997,1997,7.0,51
16,1,Avengers: Infinity War,BV,672913479,4474,257698183,4474,4/27/18,Avengers,2018,2018,8.7,68
17,2,Marvel's The Avengers,BV,623357910,4349,207438708,4349,5/4/12,Avengers,2012,2012,8.1,69
18,3,Avengers: Age of Ultron,BV,459005868,4276,191271109,4276,5/1/15,Avengers,2015,2015,7.4,66
19,1,Back to the Future,Uni.,210609762,1550,11152500,1420,7/3/85,Back to the Future,1985,1985,8.5,86
20,2,Back to the Future Part II,Uni.,118450002,2107,27835125,1865,11/22/89,Back to the Future,1989,1989,7.8,57
21,3,Back to the Future Part III,Uni.,87727583,2070,19089645,2019,5/25/90,Back to the Future,1990,1990,7.4,55
22,1,Bad Boys II,Sony,138608444,3202,46522560,3186,7/18/03,Bad Boys,2003,2003,6.6,38
23,2,Bad Boys,Sony,65807024,2132,15523358,2132,4/7/95,Bad Boys,1995,1995,6.8,41
24,1,The Dark Knight,WB,533345358,4366,158411483,4366,7/18/08,Batman,2008,2008,9.0,82
25,2,The Dark Knight Rises,WB,448139099,4404,160887295,4404,7/20/12,Batman,2012,2012,8.4,78
26,3,Batman v Superman: Dawn of Justice,WB,330360194,4256,166007347,4242,3/25/16,Batman,2016,2016,6.6,44
27,4,Batman,WB,251188924,2201,40489746,2194,6/23/89,Batman,1989,1966,7.6,69
28,5,Batman Begins,WB,205343774,3858,48745440,3858,6/15/05,Batman,2005,2005,8.3,70
29,6,Batman Forever,WB,184031112,2893,52784433,2842,6/16/95,Batman,1995,1995,5.4,51
30,7,The LEGO Batman Movie,WB,175750384,4088,53003468,4088,2/10/17,Batman,2017,2017,7.3,75
31,8,Batman Returns,WB,162831698,2644,45687711,2644,6/19/92,Batman,1992,1992,7.0,68
32,9,Batman and Robin,WB,107325195,2942,42872605,2934,6/20/97,Batman,1997,1997,3.7,28
33,10,Batman: Mask of the Phantasm,WB,5617391,1506,1189975,1506,12/25/93,Batman,1993,1993,7.9,0
34,11,Batman: The Killing Joke,Fathom,3775000,1325,0,0,7/25/16,Batman,2016,2016,6.5,0
35,1,Beverly Hills Cop,Par.,234760478,2006,15214805,1532,12/5/84,Beverly Hills Cop,1984,1984,7.3,64
36,2,Beverly Hills Cop II,Par.,153665036,2326,26348555,2326,5/20/87,Beverly Hills Cop,1987,1987,6.5,48
37,3,Beverly Hills Cop III,Par.,42614912,2748,12426169,2748,5/25/94,Beverly Hills Cop,1994,1994,5.5,16
38,1,The Bourne Ultimatum,Uni.,227471070,3701,69283690,3660,8/3/07,Bourne,2007,2007,8.0,85
39,2,The Bourne Supremacy,Uni.,176241941,3304,52521865,3165,7/23/04,Bourne,2004,2004,7.8,73
40,3,Jason Bourne,Uni.,162434410,4039,59215365,4026,7/29/16,Bourne,2016,2016,6.6,58
41,4,The Bourne Identity,Uni.,121661683,2663,27118640,2638,6/14/02,Bourne,2002,2002,7.9,68
42,5,The Bourne Legacy,Uni.,113203870,3753,38142825,3745,8/10/12,Bourne,2012,2012,6.7,61
43,1,Captain America: Civil War,BV,408084349,4226,179139142,4226,5/6/16,Captain America,2016,2016,7.8,75
44,2,Captain America: The Winter Soldier,BV,259766572,3938,95023721,3938,4/4/14,Captain America,2014,2014,7.8,70
45,3,Captain America: The First Avenger,Par.,176654505,3715,65058524,3715,7/22/11,Captain America,2011,2011,6.9,66
46,1,Cars,BV,244082982,3988,60119509,3985,6/9/06,Cars,2006,2006,7.1,73
47,2,Cars 2,BV,191452396,4115,66135507,4115,6/24/11,Cars,2011,2011,6.2,57
48,3,Cars 3,BV,152901115,4256,53688680,4256,6/16/17,Cars,2017,2017,6.8,59
49,1,"The Chronicles of Narnia: The Lion, the Witch and the Wardrobe",BV,291710957,3853,65556312,3616,12/9/05,The Chronicles of Narnia,2005,2005,6.9,75
50,2,The Chronicles of Narnia: Prince Caspian,BV,141621490,3929,55034805,3929,5/16/08,The Chronicles of Narnia,2008,2008,6.5,62
51,3,The Chronicles of Narnia: The Voyage of the Dawn Treader,Fox,104386950,3555,24005069,3555,12/10/10,The Chronicles of Narnia,2010,2010,6.3,53
52,1,Cloudy with a Chance of Meatballs,Sony,124870275,3119,30304648,3119,9/18/09,Cloudy with a Chance of Meatballs,2009,2009,7.0,66
53,2,Cloudy with a Chance of Meatballs 2,Sony,119793567,4001,34017930,4001,9/27/13,Cloudy with a Chance of Meatballs,2013,2013,6.4,59
54,1,The Conjuring,WB (NL),137400141,3115,41855326,2903,7/19/13,The Conjuring,2013,2013,7.5,68
55,2,The Conjuring 2,WB (NL),102470008,3356,40406314,3343,6/10/16,The Conjuring,2016,2016,7.4,65
56,3,Annabelle: Creation,WB (NL),102092201,3565,35006404,3502,8/11/17,The Conjuring,2017,2017,6.6,62
57,4,Annabelle,WB (NL),84273813,3215,37134255,3185,10/3/14,The Conjuring,2014,2014,5.4,37
58,1,Crocodile Dundee,Par.,174803506,1495,8038855,879,9/26/86,Crocodile Dundee,1986,1986,6.5,62
59,2,Crocodile Dundee II,Par.,109306210,2837,24462976,2837,5/25/88,Crocodile Dundee,1988,1988,5.5,41
60,3,Crocodile Dundee in Los Angeles,Par.,25635682,2166,7714362,2123,4/20/01,Crocodile Dundee,2001,2001,4.8,37
61,1,Daddy's Home,Par.,150357137,3483,38740203,3271,12/25/15,Daddy's Home,2015,2015,6.1,42
62,2,Daddy's Home 2,Par.,104029443,3575,29651193,3575,11/10/17,Daddy's Home,2017,2017,6.0,30
63,1,The Dark Knight,WB,533345358,4366,158411483,4366,7/18/08,The Dark Knight Trilogy,2008,2008,9.0,82
64,2,The Dark Knight Rises,WB,448139099,4404,160887295,4404,7/20/12,The Dark Knight Trilogy,2012,2012,8.4,78
65,3,Batman Begins,WB,205343774,3858,48745440,3858,6/15/05,The Dark Knight Trilogy,2005,2005,8.3,70
66,1,Wonder Woman,WB,412563408,4165,103251471,4165,6/2/17,DC Extended Universe,2017,2017,7.5,76
67,2,Batman v Superman: Dawn of Justice,WB,330360194,4256,166007347,4242,3/25/16,DC Extended Universe,2016,2016,6.6,44
68,3,Suicide Squad,WB,325100054,4255,133682248,4255,8/5/16,DC Extended Universe,2016,2016,6.1,40
69,4,Man of Steel,WB,291045518,4207,116619362,4207,6/14/13,DC Extended Universe,2013,2013,7.1,55
70,5,Justice League,WB,229024295,4051,93842239,4051,11/17/17,DC Extended Universe,2017,2017,6.6,45
71,1,Deadpool,Fox,363070709,3856,132434639,3558,2/12/16,Deadpool,2016,2016,8.0,65
72,2,Deadpool 2,Fox,311082941,4349,125507153,4349,5/18/18,Deadpool,2018,2018,8.1,66
73,1,Despicable Me 2,Uni.,368061265,4003,83517315,3997,7/3/13,Despicable Me,2013,2013,7.4,62
74,2,Minions,Uni.,336045770,4311,115718405,4301,7/10/15,Despicable Me,2015,2015,6.4,56
75,3,Despicable Me 3,Uni.,264624300,4535,72434025,4529,6/30/17,Despicable Me,2017,2017,6.3,49
76,4,Despicable Me,Uni.,251513985,3602,56397125,3476,7/9/10,Despicable Me,2010,2010,7.7,72
77,1,Live Free or Die Hard,Fox,134529403,3411,33369559,3408,6/27/07,Die Hard,2007,2007,7.2,69
78,2,Die Hard 2: Die Harder,Fox,117540947,2507,21744661,2507,7/6/90,Die Hard,1990,1990,7.1,67
79,3,Die Hard: With A Vengeance,Fox,100012499,2579,22162245,2525,5/19/95,Die Hard,1995,1995,7.6,58
80,4,Die Hard,Fox,83008852,1713,601851,21,7/15/88,Die Hard,1988,1988,8.2,70
81,5,A Good Day to Die Hard,Fox,67349198,3555,24834845,3553,2/14/13,Die Hard,2013,2013,5.3,28
82,1,Beauty and the Beast (2017),BV,504014165,4210,174750616,4210,3/17/17,Disney Live Action Reimaginings,2017,2017,7.2,65
83,2,The Jungle Book (2016),BV,364001123,4144,103261464,4028,4/15/16,Disney Live Action Reimaginings,2016,2016,7.4,77
84,3,Alice in Wonderland (2010),BV,334191110,3739,116101023,3728,3/5/10,Disney Live Action Reimaginings,2010,2010,6.5,53
85,4,Maleficent,BV,241410378,3948,69431298,3948,5/30/14,Disney Live Action Reimaginings,2014,2014,7.0,56
86,5,Oz The Great and Powerful,BV,234911825,3912,79110453,3912,3/8/13,Disney Live Action Reimaginings,2013,2013,6.3,44
87,6,Cinderella (2015),BV,201151353,3848,67877361,3845,3/13/15,Disney Live Action Reimaginings,2015,2015,6.9,67
88,7,101 Dalmatians (1996),BV,136189294,2901,33504025,2794,11/27/96,Disney Live Action Reimaginings,1996,1996,5.7,49
89,8,Alice Through the Looking Glass,BV,77041381,3763,26858726,3763,5/27/16,Disney Live Action Reimaginings,2016,2016,6.2,34
90,9,Pete's Dragon (2016),BV,76233151,3702,21514095,3702,8/12/16,Disney Live Action Reimaginings,2016,2016,6.7,71
91,1,Divergent,LG/S,150947895,3936,54607747,3936,3/21/14,Divergent,2014,2014,6.7,48
92,2,The Divergent Series: Insurgent,LG/S,130179072,3875,52263680,3875,3/20/15,Divergent,2015,2015,6.2,42
93,3,The Divergent Series: Allegiant,LG/S,66184051,3740,29027348,3740,3/18/16,Divergent,2016,2016,5.7,33
94,1,Fantastic Four (2005),Fox,154696080,3619,56061504,3602,7/8/05,Fantastic Four,2005,2005,5.7,40
95,2,Fantastic Four: Rise of the Silver Surfer,Fox,131921738,3963,58051684,3959,6/15/07,Fantastic Four,2007,2007,5.6,45
96,3,Fantastic Four,Fox,56117548,4004,25685737,3995,8/7/15,Fantastic Four,2015,2015,4.3,27
97,1,Furious 7,Uni.,353007020,4022,147187040,4004,4/3/15,The Fast and the Furious,2015,2015,7.2,67
98,2,Fast & Furious 6,Uni.,238679850,3771,97375245,3658,5/24/13,The Fast and the Furious,2013,2013,7.1,61
99,3,The Fate of the Furious,Uni.,226008385,4329,98786705,4310,4/14/17,The Fast and the Furious,2017,2017,6.7,56
100,4,Fast Five,Uni.,209837675,3793,86198765,3644,4/29/11,The Fast and the Furious,2011,2011,7.3,66
101,5,Fast and Furious,Uni.,155064265,3674,70950500,3461,4/3/09,The Fast and the Furious,2009,2001,6.6,46
102,6,The Fast and the Furious,Uni.,144533925,2899,40089015,2628,6/22/01,The Fast and the Furious,2001,2001,6.7,58
103,7,2 Fast 2 Furious,Uni.,127154901,3418,50472480,3408,6/6/03,The Fast and the Furious,2003,2003,5.9,38
104,8,The Fast and the Furious: Tokyo Drift,Uni.,62514415,3030,23973840,3027,6/16/06,The Fast and the Furious,2006,2006,6.0,45
105,1,Fifty Shades of Grey,Uni.,166167230,3655,85171450,3646,2/13/15,Fifty Shades,2015,2015,4.1,46
106,2,Fifty Shades Darker,Uni.,114581250,3714,46607250,3710,2/10/17,Fifty Shades,2017,2017,4.6,33
107,3,Fifty Shades Freed,Uni.,100407760,3768,38560195,3768,2/9/18,Fifty Shades,2018,2018,4.4,31
108,1,Finding Dory,BV,486295561,4305,135060273,4305,6/17/16,Finding Nemo,2016,2016,7.3,77
109,2,Finding Nemo,BV,339714978,3425,70251710,3374,5/30/03,Finding Nemo,2003,2003,8.1,90
110,1,Meet the Fockers,Uni.,279261160,3554,46120980,3518,12/22/04,Fockers,2004,2004,6.3,41
111,2,Meet the Parents,Uni.,166244045,2697,28623300,2614,10/6/00,Fockers,2000,2000,7.0,73
112,3,Little Fockers,Uni.,148438600,3675,30833665,3536,12/22/10,Fockers,2010,2010,5.5,27
113,1,G.I. Joe: The Rise of Cobra,Par.,150201498,4007,54713046,4007,8/7/09,G.I. Joe,2009,2009,5.8,32
114,2,G.I. Joe: Retaliation,Par.,122523060,3734,40501814,3719,3/28/13,G.I. Joe,2013,2013,5.8,41
115,1,Ghostbusters,Col.,229242989,1506,13578151,1339,6/8/84,Ghostbusters,1984,2016,7.8,60
116,2,Ghostbusters (2016),Sony,128350574,3963,46018755,3963,7/15/16,Ghostbusters,2016,2016,5.3,0
117,3,Ghostbusters II,Col.,112494738,2410,29472894,2410,6/16/89,Ghostbusters,1989,1989,6.5,56
118,1,Godzilla (2014),WB,200676069,3952,93188384,3952,5/16/14,Godzilla and Kong Universe,2014,2014,6.4,62
119,2,Kong: Skull Island,WB,168052812,3846,61025472,3846,3/10/17,Godzilla and Kong Universe,2017,2017,6.7,62
120,1,Grown Ups,Sony,162001186,3534,40506562,3534,6/25/10,Grown Ups,2010,2010,6.0,30
121,2,Grown Ups 2,Sony,133668525,3491,41508572,3491,7/12/13,Grown Ups,2013,2013,5.4,19
122,1,Guardians of the Galaxy Vol. 2,BV,389813101,4347,146510104,4347,5/5/17,Guardians of the Galaxy,2017,2017,7.7,67
123,2,Guardians of the Galaxy,BV,333176600,4088,94320883,4080,8/1/14,Guardians of the Galaxy,2014,2014,8.1,76
124,1,The Hangover,WB,277322503,3545,44979319,3269,6/5/09,The Hangover,2009,2009,7.7,73
125,2,The Hangover Part II,WB,254464305,3675,85946294,3615,5/26/11,The Hangover,2011,2011,6.5,44
126,3,The Hangover Part III,WB,112200072,3565,41671198,3555,5/23/13,The Hangover,2013,2013,5.8,30
127,1,Harry Potter and the Deathly Hallows Part 2,WB,381011219,4375,169189427,4375,7/15/11,Harry Potter,2011,2016,8.1,87
128,2,Harry Potter and the Sorcerer's Stone,WB,317575550,3672,90294621,3672,11/16/01,Harry Potter,2001,2001,7.6,64
129,3,Harry Potter and the Half-Blood Prince,WB,301959197,4455,77835727,4325,7/15/09,Harry Potter,2009,2009,7.6,78
130,4,Harry Potter and the Deathly Hallows Part 1,WB,295983305,4125,125017372,4125,11/19/10,Harry Potter,2010,2016,7.7,65
131,5,Harry Potter and the Order of the Phoenix,WB,292004738,4285,77108414,4285,7/11/07,Harry Potter,2007,2007,7.5,71
132,6,Harry Potter and the Goblet of Fire,WB,290013036,3858,102685961,3858,11/18/05,Harry Potter,2005,2005,7.7,81
133,7,Harry Potter and the Chamber of Secrets,WB,261988482,3682,88357488,3682,11/15/02,Harry Potter,2002,2002,7.4,63
134,8,Harry Potter and the Prisoner of Azkaban,WB,249541069,3855,93687367,3855,6/4/04,Harry Potter,2004,2004,7.9,82
136,1,The Hobbit: An Unexpected Journey,WB (NL),303003568,4100,84617303,4045,12/14/12,The Hobbit,2012,2012,7.9,58
137,2,The Hobbit: The Desolation of Smaug,WB (NL),258366855,3928,73645197,3903,12/13/13,The Hobbit,2013,2013,7.9,66
138,3,The Hobbit: The Battle of the Five Armies,WB (NL),255119788,3875,54724334,3875,12/17/14,The Hobbit,2014,2014,7.4,59
139,1,Home Alone,Fox,285761243,2173,17081997,1202,11/16/90,Home Alone,1990,1990,7.5,63
140,2,Home Alone 2: Lost in New York,Fox,173585516,2461,31126882,2222,11/20/92,Home Alone,1992,1992,6.6,0
141,3,Home Alone 3,Fox,30882515,2261,5085482,2147,12/12/97,Home Alone,1997,1997,4.4,0
142,1,Hotel Transylvania 2,Sony,169700110,3768,48464322,3754,9/25/15,Hotel Transylvania,2015,2015,6.7,44
143,2,Hotel Transylvania,Sony,148313048,3375,42522194,3349,9/28/12,Hotel Transylvania,2012,2012,7.1,47
144,1,How to Train Your Dragon,P/DW,217581231,4060,43732319,4055,3/26/10,How to Train Your Dragon,2010,2010,8.1,74
145,2,How to Train Your Dragon 2,Fox,177002924,4268,49451322,4253,6/13/14,How to Train Your Dragon,2014,2014,7.8,76
146,1,The Hunger Games: Catching Fire,LGF,424668047,4163,158074286,4163,11/22/13,The Hunger Games,2013,2013,7.5,76
147,2,The Hunger Games,LGF,408010692,4137,152535747,4137,3/23/12,The Hunger Games,2012,2012,7.2,68
148,3,The Hunger Games: Mockingjay - Part 1,LGF,337135885,4151,121897634,4151,11/21/14,The Hunger Games,2014,2014,6.7,64
149,4,The Hunger Games: Mockingjay - Part 2,LGF,281723902,4175,102665981,4175,11/20/15,The Hunger Games,2015,2015,6.5,65
150,1,Ice Age: Dawn of the Dinosaurs,Fox,196573705,4102,41690382,4099,7/1/09,Ice Age,2009,2009,7.0,50
151,2,Ice Age: The Meltdown,Fox,195330621,3969,68033544,3964,3/31/06,Ice Age,2006,2006,6.8,58
152,3,Ice Age,Fox,176387405,3345,46312454,3316,3/15/02,Ice Age,2002,2002,7.5,60
153,4,Ice Age: Continental Drift,Fox,161321843,3886,46629259,3881,7/13/12,Ice Age,2012,2012,6.6,49
154,5,Ice Age: Collision Course,Fox,64063008,3997,21373064,3992,7/22/16,Ice Age,2016,2016,5.7,34
155,1,Incredibles 2,BV,448265980,4410,182687905,4410,6/15/18,The Incredibles,2018,2018,8.3,80
156,2,The Incredibles,BV,261441092,3933,70467623,3933,11/5/04,The Incredibles,2004,2004,8.0,90
157,1,Independence Day,Fox,306169268,2977,50228264,2882,7/3/96,Independence Day,1996,1996,7.0,59
158,2,Independence Day: Resurgence,Fox,103144286,4130,41039944,4130,6/24/16,Independence Day,2016,2016,5.2,32
159,1,Indiana Jones and the Kingdom of the Crystal Skull,Par.,317101119,4264,100137835,4260,5/22/08,Indiana Jones,2008,2008,6.2,65
160,2,Raiders of the Lost Ark,Par.,212222025,1078,8305823,1078,6/12/81,Indiana Jones,1981,1981,8.5,85
161,3,Indiana Jones and the Last Crusade,Par.,197171806,2327,29355021,2327,5/24/89,Indiana Jones,1989,1989,8.3,65
162,4,Indiana Jones and the Temple of Doom,Par.,179870271,1687,25337110,1687,5/23/84,Indiana Jones,1984,1984,7.6,57
163,1,Iron Man 3,BV,409013994,4253,174144585,4253,5/3/13,Iron Man,2013,2013,7.2,62
164,2,Iron Man,Par.,318412101,4154,98618668,4105,5/2/08,Iron Man,2008,2008,7.9,79
165,3,Iron Man 2,Par.,312433331,4390,128122480,4380,5/7/10,Iron Man,2010,2010,7.0,57
176,1,Jaws,Uni.,260000000,675,7061513,409,6/20/75,Jaws,1975,1975,8.0,87
177,2,Jaws 2,Uni.,77737272,640,9866023,640,6/16/78,Jaws,1978,1978,5.7,52
178,3,Jaws 3-D,Uni.,45517055,1311,13422500,1300,7/22/83,Jaws,1983,1983,3.6,27
179,4,Jaws IV: The Revenge,Uni.,20763013,1611,7154890,1606,7/17/87,Jaws,1987,1987,2.9,15
180,1,22 Jump Street,Sony,191719337,3426,57071445,3306,6/13/14,Jump Street,2014,2014,7.0,71
181,2,21 Jump Street,Sony,138447667,3148,36302612,3121,3/16/12,Jump Street,2012,2012,7.2,69
182,1,Jurassic World,Uni.,652270625,4291,208806270,4274,6/12/15,Jurassic Park,2015,2015,7.0,59
183,2,Jurassic Park,Uni.,357067947,2566,47026828,2404,6/11/93,Jurassic Park,1993,1993,8.1,68
184,3,Jurassic World: Fallen Kingdom,Uni.,274279755,4485,148024610,4475,6/22/18,Jurassic Park,2018,2018,6.6,51
185,4,The Lost World: Jurassic Park,Uni.,229086679,3565,72132785,3281,5/23/97,Jurassic Park,1997,1997,6.5,59
186,5,Jurassic Park III,Uni.,181171875,3462,50771645,3434,7/18/01,Jurassic Park,2001,2001,5.9,42
187,1,King Kong,Uni.,218080025,3627,50130145,3568,12/14/05,King Kong,2005,2005,7.2,81
188,2,Kong: Skull Island,WB,168052812,3846,61025472,3846,3/10/17,King Kong,2017,2017,6.7,62
189,3,King Kong (1976),Par.,52614445,0,7023921,974,12/17/76,King Kong,1976,1976,5.9,0
190,4,King Kong Lives,DEG,4711220,1105,1172942,1105,12/19/86,King Kong,1986,1986,3.8,0
191,1,Kingsman: The Secret Service,Fox,128261724,3282,36206331,3204,2/13/15,Kingsman Franchise,2015,2014,7.7,60
192,2,Kingsman: The Golden Circle,Fox,100234838,4038,39023010,4003,9/22/17,Kingsman Franchise,2017,2017,6.8,44
193,1,Kung Fu Panda,P/DW,215434591,4136,60239130,4114,6/6/08,Kung Fu Panda,2008,2008,7.6,73
194,2,Kung Fu Panda 2,P/DW,165249063,3952,47656302,3925,5/26/11,Kung Fu Panda,2011,2011,7.3,67
195,3,Kung Fu Panda 3,Fox,143528619,3987,41282042,3955,1/29/16,Kung Fu Panda,2016,2016,7.1,66
196,1,The LEGO Movie,WB,257760692,3890,69050279,3775,2/7/14,LEGO,2014,2014,7.8,83
197,2,The LEGO Batman Movie,WB,175750384,4088,53003468,4088,2/10/17,LEGO,2017,2017,7.3,75
198,3,The LEGO Ninjago Movie,WB,59281555,4047,20433071,4047,9/22/17,LEGO,2017,2017,6.0,55
199,1,Lethal Weapon 2,WB,147253986,1830,20388800,1803,7/7/89,Lethal Weapon,1989,1989,7.2,70
200,2,Lethal Weapon 3,WB,144731527,2568,33243086,2510,5/15/92,Lethal Weapon,1992,1992,6.7,36
201,3,Lethal Weapon 4,WB,130444603,3117,34048124,3117,7/10/98,Lethal Weapon,1998,1998,6.6,37
202,4,Lethal Weapon,WB,65207127,1420,6829949,1256,3/6/87,Lethal Weapon,1987,2016,7.6,67
203,1,The Lord of the Rings: The Return of the King,NL,377027325,3703,72629713,3703,12/17/03,The Lord of the Rings,2003,2003,8.9,94
204,2,The Lord of the Rings: The Two Towers,NL,339789881,3622,62007528,3622,12/18/02,The Lord of the Rings,2002,2002,8.7,87
205,3,The Lord of the Rings: The Fellowship of the Ring,NL,313364114,3381,47211490,3359,12/19/01,The Lord of the Rings,2001,2001,8.8,92
206,4,The Lord of the Rings (1978),UA,30471420,31,626649,31,11/15/78,The Lord of the Rings,1978,1978,6.2,0
207,1,Madagascar 3: Europe's Most Wanted,P/DW,216391482,4263,60316738,4258,6/8/12,Madagascar,2012,2012,6.9,60
208,2,Madagascar,DW,193595521,4142,47224594,4131,5/27/05,Madagascar,2005,2005,6.9,57
209,3,Madagascar: Escape 2 Africa,P/DW,180010950,4065,63106589,4056,11/7/08,Madagascar,2008,2008,6.7,61
210,4,Penguins of Madagascar,Fox,83350911,3775,25447444,3764,11/26/14,Madagascar,2014,2014,6.7,53
211,1,Black Panther,BV,699822507,4084,202003951,4020,2/16/18,Marvel Cinematic Universe,2018,2018,7.5,88
212,2,Avengers: Infinity War,BV,672913479,4474,257698183,4474,4/27/18,Marvel Cinematic Universe,2018,2018,8.7,68
213,3,Marvel's The Avengers,BV,623357910,4349,207438708,4349,5/4/12,Marvel Cinematic Universe,2012,2012,8.1,69
214,4,Avengers: Age of Ultron,BV,459005868,4276,191271109,4276,5/1/15,Marvel Cinematic Universe,2015,2015,7.4,66
215,5,Iron Man 3,BV,409013994,4253,174144585,4253,5/3/13,Marvel Cinematic Universe,2013,2013,7.2,62
216,6,Captain America: Civil War,BV,408084349,4226,179139142,4226,5/6/16,Marvel Cinematic Universe,2016,2016,7.8,75
217,7,Guardians of the Galaxy Vol. 2,BV,389813101,4347,146510104,4347,5/5/17,Marvel Cinematic Universe,2017,2017,7.7,67
218,8,Spider-Man: Homecoming,Sony,334201140,4348,117027503,4348,7/7/17,Marvel Cinematic Universe,2017,2017,7.5,73
219,9,Guardians of the Galaxy,BV,333176600,4088,94320883,4080,8/1/14,Marvel Cinematic Universe,2014,2014,8.1,76
220,10,Iron Man,Par.,318412101,4154,98618668,4105,5/2/08,Marvel Cinematic Universe,2008,2008,7.9,79
221,11,Thor: Ragnarok,BV,315058289,4080,122744989,4080,11/3/17,Marvel Cinematic Universe,2017,2017,7.9,74
222,12,Iron Man 2,Par.,312433331,4390,128122480,4380,5/7/10,Marvel Cinematic Universe,2010,2010,7.0,57
223,13,Captain America: The Winter Soldier,BV,259766572,3938,95023721,3938,4/4/14,Marvel Cinematic Universe,2014,2014,7.8,70
224,14,Doctor Strange,BV,232641920,3882,85058311,3882,11/4/16,Marvel Cinematic Universe,2016,2016,7.5,72
225,15,Thor: The Dark World,BV,206362140,3841,85737841,3841,11/8/13,Marvel Cinematic Universe,2013,2013,7.0,54
226,16,Thor,Par.,181030624,3963,65723338,3955,5/6/11,Marvel Cinematic Universe,2011,2011,7.0,57
227,17,Ant-Man,BV,180202163,3868,57225526,3856,7/17/15,Marvel Cinematic Universe,2015,2015,7.3,64
228,18,Captain America: The First Avenger,Par.,176654505,3715,65058524,3715,7/22/11,Marvel Cinematic Universe,2011,2011,6.9,66
229,19,The Incredible Hulk,Uni.,134806913,3508,55414050,3505,6/13/08,Marvel Cinematic Universe,2008,2008,6.8,61
230,1,The Matrix Reloaded,WB,281576461,3603,91774413,3603,5/15/03,The Matrix,2003,2003,7.2,62
231,2,The Matrix,WB,171479930,2903,27788331,2849,3/31/99,The Matrix,1999,1999,8.7,73
232,3,The Matrix Revolutions,WB,139313948,3502,48475154,3502,11/5/03,The Matrix,2003,2003,6.7,47
233,1,Men in Black,Sony,250690539,3180,51068455,3020,7/2/97,Men in Black,1997,1997,7.3,71
234,2,Men in Black II,Sony,190418803,3641,52148751,3557,7/3/02,Men in Black,2002,2002,6.1,49
235,3,MIB 3,Sony,179020854,4248,54592779,4248,5/25/12,Men in Black,2012,2012,6.8,58
242,1,Mission: Impossible II,Par.,215409889,3669,57845297,3653,5/24/00,Mission: Impossible,2000,2000,6.1,59
243,2,Mission: Impossible - Ghost Protocol,Par.,209397903,3555,12785204,425,12/16/11,Mission: Impossible,2011,2011,7.4,73
244,3,Mission: Impossible - Rogue Nation,Par.,195042377,3988,55520089,3956,7/31/15,Mission: Impossible,2015,2015,7.4,75
245,4,Mission: Impossible,Par.,180981856,3012,45436830,3012,5/22/96,Mission: Impossible,1996,1996,7.1,59
246,5,Mission: Impossible III,Par.,134029801,4059,47743273,4054,5/5/06,Mission: Impossible,2006,2006,6.9,66
247,1,Monsters University,BV,268492764,4004,82429469,4004,6/21/13,"Monsters, Inc.",2013,2013,7.3,65
248,2,"Monsters, Inc.",BV,255873250,3649,62577067,3237,11/2/01,"Monsters, Inc.",2001,2001,8.1,78
249,1,The Mummy Returns,Uni.,202019785,3553,68139035,3401,5/4/01,The Mummy,2001,2001,6.3,48
250,2,The Mummy,Uni.,155385488,3411,43369635,3210,5/7/99,The Mummy,1999,2017,7.0,48
251,3,The Mummy: Tomb of the Dragon Emperor,Uni.,102491776,3778,40457770,3760,8/1/08,The Mummy,2008,2008,5.2,31
252,4,The Scorpion King,Uni.,91047077,3466,36075875,3444,4/19/02,The Mummy,2002,2002,5.5,45
253,1,My Big Fat Greek Wedding,IFC,241438208,2016,597362,108,4/19/02,My Big Fat Greek Wedding,2002,2002,6.6,62
254,2,My Big Fat Greek Wedding 2,Uni.,59689605,3179,17861950,3133,3/25/16,My Big Fat Greek Wedding,2016,2016,6.0,37
255,1,Neighbors,Uni.,150157400,3311,49033915,3279,5/9/14,Neighbors,2014,2014,6.3,68
256,2,Neighbors 2: Sorority Rising,Uni.,55455765,3416,21760405,3384,5/20/16,Neighbors,2016,2016,5.7,58
257,1,Night at the Museum,Fox,250863268,3768,30433781,3685,12/22/06,Night at the Museum,2006,2006,6.4,48
258,2,Night at the Museum: Battle of the Smithsonian,Fox,177243721,4101,54173286,4096,5/22/09,Night at the Museum,2009,2009,5.9,42
259,3,Night at the Museum: Secret of the Tomb,Fox,113746621,3914,17100520,3785,12/19/14,Night at the Museum,2014,2014,6.2,47
260,1,Ocean's Eleven,WB,183417150,3075,38107822,3075,12/7/01,Ocean's 11,2001,2001,7.8,74
261,2,Ocean's Twelve,WB,125544280,3290,39153380,3290,12/10/04,Ocean's 11,2004,2004,6.5,58
262,3,Ocean's Thirteen,WB,117154724,3565,36133403,3565,6/8/07,Ocean's 11,2007,2007,6.9,62
263,4,Ocean's 8,WB,116378931,4145,41607378,4145,6/8/18,Ocean's 11,2018,2018,6.4,61
264,1,Paul Blart: Mall Cop,Sony,146336178,3206,31832636,3144,1/16/09,Paul Blart,2009,2009,5.2,39
265,2,Paul Blart: Mall Cop 2,Sony,71038190,3633,23762435,3633,4/17/15,Paul Blart,2015,2015,4.4,13
266,1,Pirates of the Caribbean: Dead Man's Chest,BV,423315812,4133,135634554,4133,7/7/06,Pirates of the Caribbean,2006,2006,7.3,53
267,2,Pirates of the Caribbean: At World's End,BV,309420425,4362,114732820,4362,5/25/07,Pirates of the Caribbean,2007,2007,7.1,50
268,3,Pirates of the Caribbean: The Curse of the Black Pearl,BV,305413918,3416,46630690,3269,7/9/03,Pirates of the Caribbean,2003,2003,8.0,63
269,4,Pirates of the Caribbean: On Stranger Tides,BV,241071802,4164,90151958,4155,5/20/11,Pirates of the Caribbean,2011,2011,6.6,45
270,5,Pirates of the Caribbean: Dead Men Tell No Tales,BV,172558876,4276,62983253,4276,5/26/17,Pirates of the Caribbean,2017,2017,6.6,39
271,1,Pitch Perfect 2,Uni.,184296230,3660,69216890,3473,5/15/15,Pitch Perfect Trilogy,2015,2015,6.4,63
272,2,Pitch Perfect 3,Uni.,104897530,3468,19928525,3447,12/22/17,Pitch Perfect Trilogy,2017,2017,5.9,40
273,3,Pitch Perfect,Uni.,65001093,2787,5149433,335,9/28/12,Pitch Perfect Trilogy,2012,2012,7.2,66
274,1,Dawn of the Planet of the Apes,Fox,208545589,3969,72611427,3967,7/11/14,Planet of the Apes (2011-2017),2014,2014,7.6,79
275,2,Rise of the Planet of the Apes,Fox,176760185,3691,54806191,3648,8/5/11,Planet of the Apes (2011-2017),2011,2011,7.6,68
276,3,War for the Planet of the Apes,Fox,146880162,4100,56262929,4022,7/14/17,Planet of the Apes (2011-2017),2017,2017,7.5,82
277,1,Ride Along,Uni.,134938200,2867,41516170,2663,1/17/14,Ride Along,2014,2014,6.2,41
278,2,Ride Along 2,Uni.,91221830,3192,35243095,3175,1/15/16,Ride Along,2016,2016,5.9,32
279,1,Rio,Fox,143619809,3842,39225962,3826,4/15/11,Rio,2011,2011,6.9,63
280,2,Rio 2,Fox,131538435,3975,39327869,3948,4/11/14,Rio,2014,2014,6.3,49
281,1,The Da Vinci Code,Sony,217536138,3757,77073388,3735,5/19/06,Robert Langdon,2006,2006,6.6,46
282,2,Angels & Demons,Sony,133375846,3527,46204168,3527,5/15/09,Robert Langdon,2009,2009,6.7,48
283,3,Inferno,Sony,34343574,3576,14860425,3576,10/28/16,Robert Langdon,2016,2016,6.2,42
284,1,Rush Hour 2,NL,226164286,3118,67408222,3118,8/3/01,Rush Hour,2001,2001,6.6,48
285,2,Rush Hour,NL,141186864,2724,33001803,2638,9/18/98,Rush Hour,1998,1998,7.0,60
286,3,Rush Hour 3,NL,140125968,3778,49100158,3778,8/10/07,Rush Hour,2007,2007,6.2,44
287,1,The Santa Clause,BV,144833357,2388,19321992,2183,11/11/94,The Santa Clause,1994,1994,6.4,57
288,2,The Santa Clause 2,BV,139236327,3352,29008696,3350,11/1/02,The Santa Clause,2002,2002,5.6,48
289,3,The Santa Clause 3: The Escape Clause,BV,84500122,3458,19504038,3458,11/3/06,The Santa Clause,2006,2006,4.7,32
290,1,Scooby-Doo,WB,153294164,3447,54155312,3447,6/14/02,Scooby-Doo,2002,2002,5.0,35
291,2,Scooby-Doo 2: Monsters Unleashed,WB,84216833,3312,29438331,3312,3/26/04,Scooby-Doo,2004,2004,5.0,34
292,1,Sherlock Holmes,WB,209028679,3626,62304277,3626,12/25/09,Sherlock Holmes,2009,2009,7.6,57
293,2,Sherlock Holmes: A Game of Shadows,WB,186848418,3703,39637079,3703,12/16/11,Sherlock Holmes,2011,2011,7.5,48
294,1,Shrek 2,DW,441226247,4223,108037878,4163,5/19/04,Shrek,2004,2004,7.2,75
295,2,Shrek the Third,P/DW,322719944,4172,121629270,4122,5/18/07,Shrek,2007,2007,6.0,58
296,3,Shrek,DW,267665011,3715,42347760,3587,5/16/01,Shrek,2001,2001,7.9,84
297,4,Shrek Forever After,P/DW,238736787,4386,70838207,4359,5/21/10,Shrek,2010,2010,6.3,58
298,5,Puss in Boots,P/DW,149260504,3963,34077439,3952,10/28/11,Shrek,2011,2011,6.7,65
299,1,Snow White and the Huntsman,Uni.,155332381,3777,56217700,3773,6/1/12,Snow White and the Huntsman,2012,2012,6.1,57
300,2,The Huntsman: Winter's War,Uni.,48390190,3802,19445035,3791,4/22/16,Snow White and the Huntsman,2016,2016,6.1,35
301,1,Spider-Man,Sony,403706375,3876,114844116,3615,5/3/02,Spider-Man,2002,2002,7.3,73
302,2,Spider-Man 2,Sony,373585825,4166,88156227,4152,6/30/04,Spider-Man,2004,2004,7.3,83
303,3,Spider-Man 3,Sony,336530303,4324,151116516,4252,5/4/07,Spider-Man,2007,2007,6.2,59
304,4,Spider-Man: Homecoming,Sony,334201140,4348,117027503,4348,7/7/17,Spider-Man,2017,2017,7.5,73
305,5,The Amazing Spider-Man,Sony,262030663,4318,62004688,4318,7/3/12,Spider-Man,2012,2012,7.0,66
306,6,The Amazing Spider-Man 2,Sony,202853933,4324,91608337,4324,5/2/14,Spider-Man,2014,2014,6.7,53
307,1,The SpongeBob Movie: Sponge Out of Water,Par.,162994032,3680,55365012,3641,2/6/15,SpongeBob,2015,2015,6.0,62
308,2,The SpongeBob SquarePants Movie,Par.,85417988,3307,32018216,3212,11/19/04,SpongeBob,2004,2004,7.0,66
309,1,Star Trek,Par.,257730019,4053,75204289,3849,5/8/09,Star Trek,2009,1966,8.0,82
310,2,Star Trek Into Darkness,Par.,228778661,3907,70165559,3868,5/16/13,Star Trek,2013,2013,7.7,72
311,3,Star Trek Beyond,Par.,158848340,3928,59253211,3928,7/22/16,Star Trek,2016,2016,7.1,68
312,4,Star Trek IV: The Voyage Home,Par.,109713132,1956,16881888,1349,11/26/86,Star Trek,1986,1986,7.3,67
313,5,Star Trek: First Contact,Par.,92027888,2812,30716131,2812,11/22/96,Star Trek,1996,1996,7.6,71
314,6,Star Trek: The Motion Picture,Par.,82258456,1002,11926421,857,12/7/79,Star Trek,1979,1979,6.4,48
315,7,Star Trek II: The Wrath of Khan,Par.,78912963,1621,14347221,1621,6/4/82,Star Trek,1982,1982,7.7,71
316,8,Star Trek III: The Search for Spock,Par.,76471046,1966,16673295,1966,6/1/84,Star Trek,1984,1984,6.7,55
317,9,Star Trek: Generations,Par.,75671125,2681,23116394,2659,11/18/94,Star Trek,1994,1994,6.6,55
318,10,Star Trek VI: The Undiscovered Country,Par.,74888996,2147,18162837,1804,12/6/91,Star Trek,1991,1991,7.2,65
319,11,Star Trek: Insurrection,Par.,70187658,2677,22052836,2620,12/11/98,Star Trek,1998,1998,6.4,64
320,12,Star Trek V: The Final Frontier,Par.,52210049,2202,17375648,2202,6/9/89,Star Trek,1989,1989,5.4,43
321,13,Star Trek: Nemesis,Par.,43254409,2711,18513305,2711,12/13/02,Star Trek,2002,2002,6.4,51
322,1,Star Wars: The Force Awakens,BV,936662225,4134,247966675,4134,12/18/15,Star Wars,2015,2015,8.0,81
323,2,Star Wars: The Last Jedi,BV,620181382,4232,220009584,4232,12/15/17,Star Wars,2017,2017,7.3,85
324,3,Rogue One: A Star Wars Story,BV,532177324,4157,155081681,4157,12/16/16,Star Wars,2016,2016,7.8,65
325,4,Star Wars: Episode I - The Phantom Menace,Fox,431088295,3126,64820970,2970,5/19/99,Star Wars,1999,1999,6.5,51
326,5,Star Wars: Episode III - Revenge of the Sith,Fox,380270577,3663,108435841,3661,5/19/05,Star Wars,2005,2005,7.6,68
327,6,Star Wars,Fox,307263857,1750,1554475,43,5/25/77,Star Wars,1977,1977,8.6,90
328,7,Star Wars: Episode II - Attack of the Clones,Fox,302191252,3161,80027814,3161,5/16/02,Star Wars,2002,2002,6.6,54
329,8,Return of the Jedi,Fox,252583617,1764,23019618,1002,5/25/83,Star Wars,1983,1983,8.3,58
330,9,The Empire Strikes Back,Fox,209398025,1278,4910483,126,5/21/80,Star Wars,1980,1980,8.8,82
331,10,Solo: A Star Wars Story,BV,208159516,4381,84420489,4381,5/25/18,Star Wars,2018,2018,7.2,62
333,1,Rogue One: A Star Wars Story,BV,532177324,4157,155081681,4157,12/16/16,Star Wars Anthology,2016,2016,7.8,65
334,2,Solo: A Star Wars Story,BV,208159516,4381,84420489,4381,5/25/18,Star Wars Anthology,2018,2018,7.2,62
335,1,Batman v Superman: Dawn of Justice,WB,330360194,4256,166007347,4242,3/25/16,Superman,2016,2016,6.6,44
336,2,Man of Steel,WB,291045518,4207,116619362,4207,6/14/13,Superman,2013,2013,7.1,55
337,3,Superman Returns,WB,200081192,4065,52535096,4065,6/28/06,Superman,2006,2006,6.1,72
338,4,Superman,WB,134218018,817,7465343,508,12/15/78,Superman,1978,1978,7.3,86
339,5,Superman II,WB,108185706,1878,14100523,1397,6/19/81,Superman,1981,1980,6.8,87
340,6,Superman III,WB,59950623,1763,13352357,1759,6/17/83,Superman,1983,1983,4.9,42
341,7,Superman IV: The Quest for Peace,WB,15681020,1511,5683122,1511,7/24/87,Superman,1987,1987,3.7,22
342,1,Taken,Fox,145000989,3184,24717037,3183,1/30/09,Taken,2009,2017,7.8,50
343,2,Taken 2,Fox,139854287,3706,49514769,3661,10/5/12,Taken,2012,2012,6.3,45
344,3,Taken 3,Fox,89256424,3594,39201657,3594,1/9/15,Taken,2015,2014,6.0,26
345,1,Ted,Uni.,218815487,3303,54415205,3239,6/29/12,Ted,2012,2012,7.0,62
346,2,Ted 2,Uni.,81476385,3448,33507870,3442,6/26/15,Ted,2015,2015,6.3,48
347,1,Terminator 2: Judgment Day,TriS,204843345,2495,31765506,2274,7/3/91,Terminator,1991,1991,8.5,75
348,2,Terminator 3: Rise of the Machines,WB,150371112,3504,44041440,3504,7/2/03,Terminator,2003,2003,6.3,66
349,3,Terminator Salvation,WB,125322469,3602,42558390,3530,5/21/09,Terminator,2009,2009,6.6,49
350,4,Terminator: Genisys,Par.,89760956,3783,27018486,3758,7/1/15,Terminator,2015,2015,6.5,38
351,5,The Terminator,Orion,38371200,1112,4020663,1005,10/26/84,Terminator,1984,1984,8.0,83
352,1,Thor: Ragnarok,BV,315058289,4080,122744989,4080,11/3/17,Thor,2017,2017,7.9,74
353,2,Thor: The Dark World,BV,206362140,3841,85737841,3841,11/8/13,Thor,2013,2013,7.0,54
354,3,Thor,Par.,181030624,3963,65723338,3955,5/6/11,Thor,2011,2011,7.0,57
355,1,Toy Story 3,BV,415004880,4028,110307189,4028,6/18/10,Toy Story,2010,2010,8.3,92
356,2,Toy Story 2,BV,245852179,3257,300163,1,11/19/99,Toy Story,1999,1999,7.9,88
357,3,Toy Story,BV,191796233,2574,29140617,2457,11/22/95,Toy Story,1995,1995,8.3,95
359,1,Transformers: Revenge of the Fallen,P/DW,402111870,4293,108966307,4234,6/24/09,Transformers,2009,2009,6.0,35
360,2,Transformers: Dark of the Moon,P/DW,352390543,4088,97852865,4088,6/29/11,Transformers,2011,2011,6.3,42
361,3,Transformers,P/DW,319246193,4050,70502384,4011,7/3/07,Transformers,2007,2007,7.1,61
362,4,Transformers: Age of Extinction,Par.,245439076,4233,100038390,4233,6/27/14,Transformers,2014,2014,5.7,32
363,5,Transformers: The Last Knight,Par.,130168683,4132,44680073,4069,6/21/17,Transformers,2017,2017,5.2,27
364,6,Transformers: The Movie,DEG,5849647,990,1779559,990,8/8/86,Transformers,1986,1986,7.3,0
365,1,The Twilight Saga: Eclipse,Sum.,300531751,4468,64832191,4468,6/30/10,Twilight,2010,2010,5.0,58
366,2,The Twilight Saga: New Moon,Sum.,296623634,4124,142839137,4024,11/20/09,Twilight,2009,2009,4.7,44
367,3,The Twilight Saga: Breaking Dawn Part 2,LG/S,292324737,4070,141067634,4070,11/16/12,Twilight,2012,2012,5.5,52
368,4,The Twilight Saga: Breaking Dawn Part 1,Sum.,281287133,4066,138122261,4061,11/18/11,Twilight,2011,2012,4.9,45
369,5,Twilight,Sum.,192769854,3649,69637740,3419,11/21/08,Twilight,2008,2008,5.2,56
370,1,Split,Uni.,138291365,3373,40010975,3038,1/20/17,Unbreakable,2017,2016,7.3,62
371,2,Unbreakable,BV,95011339,2708,30330771,2708,11/22/00,Unbreakable,2000,2000,7.2,62
372,1,Logan,Fox,226277068,4071,88411916,4071,3/3/17,Wolverine,2017,2017,8.1,77
373,2,X-Men Origins: Wolverine,Fox,179883157,4102,85058003,4099,5/1/09,Wolverine,2009,2009,6.6,40
374,3,The Wolverine,Fox,132556852,3924,53113752,3924,7/26/13,Wolverine,2013,2013,6.7,61
375,1,Deadpool,Fox,363070709,3856,132434639,3558,2/12/16,X-Men,2016,2016,8.0,65
376,2,Deadpool 2,Fox,311082941,4349,125507153,4349,5/18/18,X-Men,2018,2018,8.1,66
377,3,X-Men: The Last Stand,Fox,234362462,3714,102750665,3690,5/26/06,X-Men,2006,2006,6.7,58
378,4,X-Men: Days of Future Past,Fox,233921534,4001,90823660,3996,5/23/14,X-Men,2014,2014,8.0,75
379,5,Logan,Fox,226277068,4071,88411916,4071,3/3/17,X-Men,2017,2017,8.1,77
380,6,X2: X-Men United,Fox,214949694,3749,85558731,3741,5/2/03,X-Men,2003,2003,7.5,68
381,7,X-Men Origins: Wolverine,Fox,179883157,4102,85058003,4099,5/1/09,X-Men,2009,2009,6.6,40
382,8,X-Men,Fox,157299717,3112,54471475,3025,7/14/00,X-Men,2000,2000,7.4,64
383,9,X-Men: Apocalypse,Fox,155442489,4153,65769562,4150,5/27/16,X-Men,2016,2016,7.0,52
384,10,X-Men: First Class,Fox,146408305,3692,55101604,3641,6/3/11,X-Men,2011,2011,7.8,65
385,11,The Wolverine,Fox,132556852,3924,53113752,3924,7/26/13,X-Men,2013,2013,6.7,61
